model,.metric,mean,std_err,n
Random Forest,f_meas,0.9895805156182496,0.0011268701272784747,5
Random Forest,pr_auc,0.9994378783706739,9.503518484311568e-5,5
Random Forest,recall,0.9918198811821244,0.0014723047532108039,5
Random Forest,roc_auc,0.9980913113953924,3.098278564270376e-4,5
XGBoost,f_meas,0.9895514814999953,0.0017036228283945725,5
XGBoost,pr_auc,0.9994413698544486,1.4457740047114356e-4,5
XGBoost,recall,0.9893831308888636,0.0023744271208112973,5
XGBoost,roc_auc,0.9981045594088374,4.879272913016234e-4,5
