threshold,sensitivity,specificity,youden_j
0.4514998197555542,0.9706422018348624,0.9900835073068893,0.9607257091417516
